id,first_name,last_name,email,country,ip_address
1,Sara,Banks,sbanks0@dailymotion.com,Russia,190.66.123.88
2,Beverly,Ray,bray1@webnode.com,Ukraine,64.221.56.62
3,Paul,Harris,pharris2@posterous.com,Norway,56.19.36.32
4,Jeffrey,Perry,jperry3@people.com.cn,Dominican Republic,208.111.146.67
5,Andrew,Weaver,aweaver4@altervista.org,China,58.160.231.44
6,Jeffrey,White,jwhite5@eventbrite.com,China,59.34.144.8
7,Thomas,Robinson,trobinson6@discovery.com,Pakistan,226.83.204.208
8,Teresa,Cooper,tcooper7@mail.ru,Poland,145.119.65.189
9,Judy,White,jwhite8@infoseek.co.jp,China,223.227.161.115
10,Rachel,Morgan,rmorgan9@hhs.gov,El Salvador,19.171.203.56
11,Nicole,James,njamesa@senate.gov,Russia,138.165.250.25
12,Victor,Ray,vrayb@51.la,Russia,165.68.215.234
13,Shirley,Fields,sfieldsc@mediafire.com,Morocco,2.152.40.129
14,Deborah,King,dkingd@cafepress.com,Pakistan,144.85.161.241
15,Maria,Phillips,mphillipse@hugedomains.com,China,64.52.186.4
16,Frank,Davis,fdavisf@opensource.org,China,143.173.16.145
17,Diana,Schmidt,dschmidtg@bloglines.com,United States,238.159.190.113
18,Jeremy,Carter,jcarterh@nps.gov,China,33.25.190.4
19,Lawrence,Hunter,lhunteri@facebook.com,Philippines,237.162.219.100
20,Nancy,Ramirez,nramirezj@dmoz.org,Indonesia,103.165.228.115
21,Jimmy,Chapman,jchapmank@paypal.com,United States,228.115.189.109
22,Wanda,Adams,wadamsl@alexa.com,United States,22.240.62.25
23,Mary,Hall,mhallm@usda.gov,China,45.196.160.230
24,Randy,Bishop,rbishopn@squarespace.com,Turkmenistan,48.116.50.85
25,Walter,Robertson,wrobertsono@fotki.com,China,54.53.23.174
26,Louise,Jackson,ljacksonp@oaic.gov.au,France,59.88.137.76
27,Frank,Alvarez,falvarezq@salon.com,China,191.107.187.80
28,Ralph,Wheeler,rwheelerr@cornell.edu,China,116.143.119.166
29,Brian,Ferguson,bfergusons@examiner.com,Poland,226.91.80.151
30,Stephen,Lynch,slyncht@ifeng.com,Ukraine,215.8.9.129
31,Bobby,Price,bpriceu@twitter.com,Madagascar,45.35.202.109
32,Carolyn,Wells,cwellsv@godaddy.com,Paraguay,1.5.7.69
33,Emily,Hughes,ehughesw@google.com.br,Indonesia,171.172.189.64
34,Todd,Bell,tbellx@desdev.cn,Kazakhstan,122.15.4.99
35,Marilyn,Hansen,mhanseny@deliciousdays.com,Afghanistan,216.97.98.41
36,Kathryn,Harvey,kharveyz@ted.com,Philippines,77.13.88.136
37,Anthony,Ramirez,aramirez10@weather.com,China,234.66.225.177
38,Rose,Bell,rbell11@hp.com,Gambia,50.56.248.241
39,Michael,Diaz,mdiaz12@foxnews.com,Argentina,170.148.234.55
40,Judy,Meyer,jmeyer13@printfriendly.com,Finland,134.41.170.253
41,Lois,Gibson,lgibson14@patch.com,Syria,55.236.166.234
42,Todd,Knight,tknight15@sourceforge.net,United States,68.128.113.32
43,Norma,Fisher,nfisher16@histats.com,Cuba,226.235.29.142
44,Ruby,Adams,radams17@samsung.com,United States,90.251.56.212
45,Alan,Rivera,arivera18@zimbio.com,China,11.83.220.127
46,Betty,Dean,bdean19@arizona.edu,Indonesia,221.143.243.13
47,Rebecca,Watkins,rwatkins1a@apple.com,Portugal,124.233.27.85
48,Gary,Bell,gbell1b@archive.org,China,253.117.13.185
49,Donald,Stone,dstone1c@columbia.edu,Brazil,206.107.84.240
50,Michael,Moreno,mmoreno1d@moonfruit.com,Portugal,23.201.198.112
51,Howard,Hall,hhall1e@hexun.com,China,132.8.201.252
52,Steve,Hernandez,shernandez1f@rakuten.co.jp,Ireland,242.208.207.203
53,Charles,Barnes,cbarnes1g@a8.net,Iraq,250.6.180.107
54,Brandon,Robinson,brobinson1h@tumblr.com,Argentina,126.121.245.213
55,Dorothy,Arnold,darnold1i@tripadvisor.com,Argentina,66.146.1.1
56,Jane,Hawkins,jhawkins1j@unc.edu,Nigeria,177.203.135.240
57,Carlos,Bennett,cbennett1k@about.com,Indonesia,62.61.77.205
58,Albert,Young,ayoung1l@list-manage.com,France,52.132.107.232
59,Mark,Long,mlong1m@sciencedaily.com,Brazil,89.105.50.27
60,Sandra,Hansen,shansen1n@sciencedirect.com,China,232.17.12.176
61,Willie,James,wjames1o@instagram.com,Ukraine,167.44.39.250
62,Patrick,Hunt,phunt1p@google.com.hk,France,111.186.236.163
63,Margaret,Lawson,mlawson1q@hhs.gov,China,233.152.79.44
64,Joseph,Thomas,jthomas1r@yellowbook.com,Japan,236.35.191.6
65,Frank,Campbell,fcampbell1s@springer.com,Russia,73.59.55.64
66,Jonathan,Riley,jriley1t@about.com,Venezuela,42.43.234.65
67,Diana,Fields,dfields1u@hubpages.com,China,229.20.186.253
68,Adam,Parker,aparker1v@sakura.ne.jp,Portugal,19.235.225.82
69,Debra,Chapman,dchapman1w@flavors.me,Philippines,161.96.243.97
70,Frances,Bailey,fbailey1x@4shared.com,China,32.237.157.11
71,Katherine,Hunter,khunter1y@woothemes.com,Nigeria,184.180.167.4
72,Albert,Dunn,adunn1z@ca.gov,Moldova,74.143.165.221
73,Juan,Stone,jstone20@dailymotion.com,Greece,105.170.213.16
74,Carolyn,Holmes,cholmes21@apache.org,Philippines,181.3.31.61
75,Adam,Fuller,afuller22@samsung.com,Paraguay,61.38.226.143
76,Ronald,Stanley,rstanley23@mapquest.com,Colombia,227.109.214.78
77,Maria,Allen,mallen24@answers.com,Poland,86.192.40.241
78,Robin,Warren,rwarren25@baidu.com,Guam,139.143.6.116
79,Benjamin,Ward,bward26@pcworld.com,Tunisia,15.223.197.117
80,Lisa,Cook,lcook27@twitter.com,Czech Republic,243.233.231.136
81,Ruth,Jenkins,rjenkins28@storify.com,China,67.162.29.4
82,Dorothy,Boyd,dboyd29@auda.org.au,Philippines,129.126.55.8
83,Patrick,Moreno,pmoreno2a@sohu.com,Czech Republic,44.55.100.226
84,Kenneth,Sanchez,ksanchez2b@privacy.gov.au,China,237.154.72.207
85,Lillian,Morgan,lmorgan2c@cnn.com,Armenia,244.205.3.245
86,Donald,Morris,dmorris2d@sciencedirect.com,Armenia,234.242.244.249
87,Michael,Stevens,mstevens2e@weebly.com,Russia,136.161.163.95
88,Rose,Davis,rdavis2f@hibu.com,China,3.116.130.91
89,Harold,Harvey,hharvey2g@pcworld.com,France,112.153.146.7
90,Adam,Patterson,apatterson2h@yolasite.com,Indonesia,173.188.56.42
91,Lisa,Gray,lgray2i@whitehouse.gov,Peru,86.11.99.172
92,Virginia,Cole,vcole2j@wunderground.com,Poland,144.193.208.144
93,Katherine,Andrews,kandrews2k@cbc.ca,South Africa,62.234.173.111
94,Ernest,Graham,egraham2l@google.com,Russia,206.82.202.234
95,Scott,Lawrence,slawrence2m@goo.gl,Indonesia,97.94.190.221
96,Kevin,Howard,khoward2n@google.it,Indonesia,228.216.201.148
97,Denise,Matthews,dmatthews2o@harvard.edu,Greece,73.129.188.52
98,Jonathan,Evans,jevans2p@google.cn,Russia,73.72.81.234
99,Albert,Montgomery,amontgomery2q@biblegateway.com,Armenia,98.19.199.18
100,Carolyn,Sullivan,csullivan2r@about.com,Colombia,37.3.109.83
101,Ann,Thomas,athomas2s@ezinearticles.com,Russia,36.43.75.189
102,Virginia,Green,vgreen2t@quantcast.com,Palestinian Territory,64.154.166.70
103,Christopher,Matthews,cmatthews2u@mlb.com,Philippines,65.42.53.10
104,Martin,Torres,mtorres2v@icq.com,Portugal,9.125.140.174
105,Cheryl,Hunt,chunt2w@forbes.com,China,2.150.187.74
106,Thomas,Warren,twarren2x@ovh.net,Russia,162.249.63.11
107,Sharon,King,sking2y@goodreads.com,Madagascar,181.176.128.147
108,Timothy,Pierce,tpierce2z@about.me,Madagascar,198.227.117.206
109,Robin,Graham,rgraham30@cargocollective.com,China,72.247.80.100
110,Chris,Wallace,cwallace31@spotify.com,Philippines,184.93.49.66
111,David,Carroll,dcarroll32@pen.io,Argentina,1.111.205.192
112,Richard,Little,rlittle33@buzzfeed.com,China,17.194.226.128
113,Russell,Stewart,rstewart34@chicagotribune.com,Canada,59.209.170.123
114,George,Garcia,ggarcia35@toplist.cz,Colombia,105.84.242.121
115,Beverly,Diaz,bdiaz36@oaic.gov.au,China,176.136.201.183
116,Randy,Austin,raustin37@house.gov,Poland,11.187.51.243
117,Roger,Daniels,rdaniels38@gov.uk,China,169.173.26.131
118,Todd,Stewart,tstewart39@163.com,Thailand,127.154.26.19
119,Gregory,Armstrong,garmstrong3a@independent.co.uk,New Caledonia,34.210.39.36
120,Judith,Green,jgreen3b@cmu.edu,China,246.106.73.181
121,Nicole,Ray,nray3c@yahoo.co.jp,Argentina,224.234.128.249
122,Teresa,Warren,twarren3d@aol.com,China,211.166.76.49
123,Adam,Lewis,alewis3e@hostgator.com,Sweden,142.131.155.109
124,Eugene,Hansen,ehansen3f@skyrock.com,Argentina,149.200.18.161
125,Jeremy,Gomez,jgomez3g@loc.gov,Norway,86.23.67.83
126,Sarah,Russell,srussell3h@drupal.org,Tunisia,214.168.157.77
127,Edward,Ellis,eellis3i@addthis.com,Sweden,249.199.7.16
128,Sean,Myers,smyers3j@nps.gov,United States,22.134.25.3
129,Jacqueline,Meyer,jmeyer3k@cornell.edu,Kazakhstan,140.64.10.83
130,Raymond,Ellis,rellis3l@wired.com,Indonesia,90.32.238.230
131,Rebecca,Coleman,rcoleman3m@thetimes.co.uk,Zambia,21.141.126.17
132,Dennis,George,dgeorge3n@state.tx.us,China,40.23.59.94
133,Juan,Rivera,jrivera3o@purevolume.com,Peru,13.218.138.137
134,Gerald,Hunt,ghunt3p@cafepress.com,Libya,244.229.160.122
135,Steven,Andrews,sandrews3q@weebly.com,Costa Rica,159.12.156.248
136,Anne,Bishop,abishop3r@opera.com,China,114.164.197.246
137,William,Woods,wwoods3s@themeforest.net,France,255.149.4.113
138,Christopher,Sullivan,csullivan3t@ox.ac.uk,China,59.76.69.127
139,Ashley,Baker,abaker3u@nih.gov,China,93.5.92.36
140,Ruby,Perry,rperry3v@bizjournals.com,Cameroon,176.219.217.1
141,Jose,Williams,jwilliams3w@blog.com,China,11.21.1.211
142,Roy,Andrews,randrews3x@businessweek.com,Russia,48.169.204.187
143,Jesse,Morris,jmorris3y@forbes.com,Vietnam,226.6.186.202
144,Terry,Anderson,tanderson3z@twitpic.com,China,159.24.73.106
145,Kimberly,Ford,kford40@about.me,Belize,78.34.85.169
146,Theresa,Martinez,tmartinez41@topsy.com,Malaysia,58.174.195.105
147,Billy,Gordon,bgordon42@mlb.com,Israel,69.78.116.29
148,Randy,Gibson,rgibson43@va.gov,France,41.214.53.136
149,Robin,Stone,rstone44@ft.com,China,137.246.83.191
150,Arthur,Moore,amoore45@smugmug.com,China,158.196.191.93
151,Chris,Morris,cmorris46@nba.com,Yemen,227.22.199.0
152,Anna,Cole,acole47@goo.gl,Indonesia,28.61.78.14
153,Maria,Chapman,mchapman48@time.com,Portugal,9.27.127.1
154,Jean,Griffin,jgriffin49@house.gov,China,69.96.156.195
155,James,Reid,jreid4a@about.me,China,102.117.169.66
156,Rebecca,Elliott,relliott4b@nhs.uk,Portugal,232.121.54.53
157,Gregory,Hart,ghart4c@bbb.org,China,198.7.43.39
158,Susan,Payne,spayne4d@sina.com.cn,Indonesia,193.112.104.117
159,Barbara,Cook,bcook4e@sciencedirect.com,Bangladesh,137.239.40.82
160,Kimberly,Lee,klee4f@amazon.com,China,154.107.115.222
161,Helen,Meyer,hmeyer4g@woothemes.com,Afghanistan,162.22.101.108
162,Sarah,Baker,sbaker4h@webs.com,China,14.13.187.168
163,Brandon,Garrett,bgarrett4i@oracle.com,Brazil,139.89.51.109
164,Fred,Nguyen,fnguyen4j@amazonaws.com,Uzbekistan,180.28.217.69
165,Debra,Arnold,darnold4k@slate.com,China,141.249.45.210
166,Daniel,Bell,dbell4l@time.com,France,29.98.161.241
167,Randy,Thompson,rthompson4m@reuters.com,China,38.128.182.24
168,Albert,Mitchell,amitchell4n@time.com,Brazil,54.244.10.78
169,Eugene,Peters,epeters4o@github.com,Nigeria,247.141.102.152
170,Denise,Rivera,drivera4p@4shared.com,Philippines,231.237.166.56
171,Elizabeth,Chapman,echapman4q@wix.com,Philippines,14.234.86.108
172,Thomas,Day,tday4r@wix.com,Venezuela,239.166.94.249
173,Henry,Dixon,hdixon4s@paginegialle.it,Indonesia,245.1.82.17
174,Bonnie,Fox,bfox4t@utexas.edu,Czech Republic,175.151.24.115
175,Annie,Fox,afox4u@globo.com,Colombia,59.34.241.119
176,Paul,Grant,pgrant4v@fda.gov,Philippines,167.203.206.193
177,Betty,Cooper,bcooper4w@mysql.com,Russia,239.159.150.116
178,Beverly,Carter,bcarter4x@scientificamerican.com,Indonesia,172.191.97.116
179,Brian,Mason,bmason4y@merriam-webster.com,Philippines,243.56.174.145
180,Jacqueline,Hamilton,jhamilton4z@theguardian.com,Aland Islands,178.65.107.223
181,Evelyn,Morgan,emorgan50@umn.edu,Philippines,117.155.163.169
182,Kevin,Black,kblack51@sourceforge.net,Russia,125.137.219.130
183,Heather,Allen,hallen52@alibaba.com,Portugal,235.14.227.49
184,Louise,George,lgeorge53@princeton.edu,Honduras,217.122.222.135
185,Kathryn,Hicks,khicks54@mapquest.com,Albania,241.176.143.173
186,Robert,Gibson,rgibson55@nifty.com,Russia,151.81.23.205
187,Elizabeth,Stewart,estewart56@reddit.com,Indonesia,146.174.41.155
188,Paul,Bailey,pbailey57@nasa.gov,Mexico,252.155.7.40
189,Roy,Willis,rwillis58@pbs.org,Palestinian Territory,80.248.129.54
190,Sara,Carter,scarter59@va.gov,South Africa,165.123.142.149
191,Dorothy,Gardner,dgardner5a@slashdot.org,Kazakhstan,218.213.152.212
192,Carolyn,Chapman,cchapman5b@themeforest.net,Canada,210.237.118.242
193,Sandra,Ward,sward5c@merriam-webster.com,Venezuela,3.7.78.158
194,Joe,Cox,jcox5d@geocities.com,China,45.71.99.94
195,Marilyn,Foster,mfoster5e@mayoclinic.com,Japan,44.91.80.31
196,Ryan,Gray,rgray5f@techcrunch.com,Nigeria,5.16.127.168
197,Christopher,Burton,cburton5g@tripadvisor.com,Indonesia,188.209.183.251
198,Julia,Collins,jcollins5h@usatoday.com,Ukraine,32.254.143.181
199,Betty,Jenkins,bjenkins5i@github.io,Thailand,216.58.186.173
200,Earl,Ortiz,eortiz5j@stumbleupon.com,East Timor,87.122.230.36
201,Jessica,Oliver,joliver5k@elpais.com,China,77.199.106.167
202,Aaron,Tucker,atucker5l@sphinn.com,Indonesia,0.194.32.206
203,Kathryn,Ferguson,kferguson5m@printfriendly.com,Portugal,156.102.218.153
204,Scott,Gonzales,sgonzales5n@a8.net,Portugal,156.250.247.162
205,Julia,Hanson,jhanson5o@google.es,Indonesia,121.100.210.121
206,Sandra,Chapman,schapman5p@ehow.com,Philippines,15.161.174.76
207,Eugene,Hunter,ehunter5q@creativecommons.org,Russia,200.77.215.251
208,Kathryn,Fisher,kfisher5r@microsoft.com,Thailand,133.106.7.81
209,Margaret,Parker,mparker5s@github.io,Armenia,104.196.142.251
210,Teresa,Stephens,tstephens5t@technorati.com,China,46.75.19.118
211,Jane,Fisher,jfisher5u@theguardian.com,United States,25.240.120.178
212,Ralph,Wright,rwright5v@toplist.cz,Ukraine,199.7.163.78
213,Linda,Porter,lporter5w@quantcast.com,China,128.99.63.150
214,Kevin,Tucker,ktucker5x@tripod.com,Indonesia,63.130.216.186
215,Shirley,Woods,swoods5y@washington.edu,Armenia,186.59.71.120
216,Clarence,Richards,crichards5z@hubpages.com,Brazil,93.15.18.127
217,Christina,James,cjames60@histats.com,Philippines,229.192.146.155
218,Wanda,Kelley,wkelley61@oaic.gov.au,Pakistan,130.156.161.44
219,Cheryl,Rose,crose62@scientificamerican.com,Indonesia,33.249.110.213
220,Lois,Mendoza,lmendoza63@dropbox.com,Russia,229.229.79.193
221,Maria,Boyd,mboyd64@indiatimes.com,Colombia,119.153.110.240
222,Christopher,Wells,cwells65@businessinsider.com,Thailand,219.199.171.76
223,Alan,Clark,aclark66@godaddy.com,Kenya,41.52.140.35
224,Jason,Hayes,jhayes67@instagram.com,China,146.49.73.47
225,Debra,Griffin,dgriffin68@irs.gov,South Korea,37.210.45.225
226,Kelly,Sanders,ksanders69@ifeng.com,Finland,153.175.29.100
227,Ruby,Moreno,rmoreno6a@smh.com.au,Indonesia,190.35.5.64
228,Wanda,Cook,wcook6b@geocities.jp,Peru,72.167.165.235
229,James,Parker,jparker6c@gizmodo.com,China,225.48.236.95
230,Harold,Stone,hstone6d@sciencedaily.com,Portugal,215.150.204.1
231,Nancy,Dunn,ndunn6e@php.net,Thailand,150.237.40.152
232,Annie,Lynch,alynch6f@nytimes.com,Cambodia,209.241.23.86
233,Angela,Murphy,amurphy6g@salon.com,Kuwait,247.57.73.71
234,Rebecca,Riley,rriley6h@icq.com,Japan,16.197.97.54
235,Katherine,Williamson,kwilliamson6i@sohu.com,China,107.188.144.60
236,Linda,Lawrence,llawrence6j@deviantart.com,China,41.45.75.144
237,Juan,Griffin,jgriffin6k@ask.com,France,204.224.171.180
238,Jack,Hudson,jhudson6l@is.gd,Indonesia,22.214.22.152
239,Kimberly,Rogers,krogers6m@irs.gov,Indonesia,14.71.108.188
240,Justin,Sims,jsims6n@aol.com,Thailand,74.247.124.114
241,Christina,Barnes,cbarnes6o@theglobeandmail.com,China,49.83.108.128
242,Fred,Williams,fwilliams6p@liveinternet.ru,Ukraine,255.150.216.151
243,Willie,Henderson,whenderson6q@zimbio.com,Indonesia,2.85.112.193
244,Steve,Mcdonald,smcdonald6r@jigsy.com,Indonesia,211.111.73.89
245,Harry,Martinez,hmartinez6s@hugedomains.com,Morocco,128.246.134.195
246,Wanda,Gutierrez,wgutierrez6t@google.co.uk,Nigeria,182.171.135.25
247,Edward,Coleman,ecoleman6u@wunderground.com,China,50.194.153.176
248,Timothy,Morales,tmorales6v@mediafire.com,Chile,26.209.94.163
249,Teresa,Welch,twelch6w@elegantthemes.com,Malaysia,177.68.7.251
250,Brenda,Harrison,bharrison6x@bbc.co.uk,Portugal,160.3.137.17
251,Fred,Bryant,fbryant6y@discuz.net,Portugal,115.146.106.126
252,Julie,Day,jday6z@jimdo.com,Bangladesh,103.38.216.11
253,Peter,George,pgeorge70@flickr.com,Portugal,1.231.123.202
254,Timothy,Snyder,tsnyder71@buzzfeed.com,China,97.127.189.196
255,Earl,Chapman,echapman72@com.com,Zimbabwe,245.163.191.101
256,Earl,Boyd,eboyd73@biblegateway.com,Russia,218.15.226.197
257,Christine,Reynolds,creynolds74@elpais.com,Portugal,124.9.142.178
258,Jason,Williams,jwilliams75@fastcompany.com,China,191.23.91.127
259,Annie,Carroll,acarroll76@parallels.com,China,80.205.167.243
260,Tina,Patterson,tpatterson77@bizjournals.com,China,189.56.5.62
261,Howard,Gibson,hgibson78@forbes.com,Mongolia,70.40.49.5
262,Raymond,Mendoza,rmendoza79@de.vu,Cyprus,249.59.40.81
263,Kimberly,Arnold,karnold7a@is.gd,Hungary,246.13.82.137
264,Brandon,Chavez,bchavez7b@wikispaces.com,Czech Republic,242.152.121.210
265,Kevin,Andrews,kandrews7c@vkontakte.ru,Syria,73.106.150.121
266,Dorothy,Carr,dcarr7d@is.gd,Russia,63.180.227.69
267,Teresa,Schmidt,tschmidt7e@yandex.ru,Ukraine,223.154.209.131
268,Amanda,Wagner,awagner7f@who.int,Czech Republic,26.74.46.148
269,Joyce,Gordon,jgordon7g@behance.net,Nicaragua,41.67.137.46
270,Jerry,Rice,jrice7h@miitbeian.gov.cn,Russia,132.205.171.132
271,Amy,Reid,areid7i@cdc.gov,Argentina,232.219.29.4
272,Phillip,Simmons,psimmons7j@accuweather.com,Vietnam,129.123.246.143
273,Tina,Owens,towens7k@msn.com,Portugal,139.64.125.205
274,Norma,Simpson,nsimpson7l@foxnews.com,Indonesia,18.170.41.246
275,Carolyn,Romero,cromero7m@forbes.com,Norway,229.43.108.199
276,Lillian,Murphy,lmurphy7n@youku.com,Brazil,177.241.29.87
277,Steve,Payne,spayne7o@vinaora.com,United States,103.88.210.229
278,Gary,Martinez,gmartinez7p@dell.com,Guatemala,147.71.168.24
279,Kevin,Bailey,kbailey7q@mac.com,Azerbaijan,174.180.246.104
280,Stephen,Hall,shall7r@huffingtonpost.com,Poland,163.130.126.132
281,Richard,Lawrence,rlawrence7s@sohu.com,China,55.4.117.136
282,Cynthia,Hanson,chanson7t@google.it,Russia,125.67.76.234
283,Maria,Ray,mray7u@cam.ac.uk,Indonesia,83.251.31.209
284,Arthur,Snyder,asnyder7v@about.com,Costa Rica,50.201.47.115
285,Billy,Welch,bwelch7w@tmall.com,El Salvador,96.92.193.161
286,Diane,Franklin,dfranklin7x@cpanel.net,Indonesia,88.102.207.136
287,Kimberly,Scott,kscott7y@hibu.com,Belarus,106.231.132.65
288,Patrick,Murphy,pmurphy7z@macromedia.com,United States,174.219.131.7
289,Philip,Fox,pfox80@nba.com,Thailand,141.66.8.234
290,Richard,Cooper,rcooper81@oracle.com,China,54.8.142.225
291,Arthur,Frazier,afrazier82@storify.com,Poland,172.175.59.192
292,Brandon,Weaver,bweaver83@nih.gov,Greece,217.64.139.202
293,Clarence,Weaver,cweaver84@economist.com,Chile,7.202.35.39
294,Bobby,Garcia,bgarcia85@xinhuanet.com,Russia,197.101.73.104
295,Maria,Burns,mburns86@sourceforge.net,China,232.150.4.117
296,Anthony,Simpson,asimpson87@cyberchimps.com,Brazil,126.29.29.160
297,Billy,Matthews,bmatthews88@epa.gov,Ukraine,54.21.167.190
298,Irene,Warren,iwarren89@pinterest.com,China,14.90.36.224
299,Amy,Oliver,aoliver8a@ucoz.ru,Finland,20.164.150.113
300,William,Knight,wknight8b@networkadvertising.org,Brazil,201.48.8.204
301,Stephanie,Torres,storres8c@census.gov,Palestinian Territory,162.236.133.13
302,Melissa,Cruz,mcruz8d@parallels.com,Vietnam,52.49.67.174
303,Chris,Ferguson,cferguson8e@thetimes.co.uk,Thailand,192.252.137.24
304,Louis,Weaver,lweaver8f@cnet.com,China,247.2.210.80
305,Kathy,Harris,kharris8g@nifty.com,Indonesia,107.195.167.198
306,Diane,Parker,dparker8h@hostgator.com,South Africa,232.176.255.224
307,Benjamin,Oliver,boliver8i@google.ru,China,135.236.236.127
308,Pamela,Ruiz,pruiz8j@nasa.gov,Poland,178.146.22.210
309,Jason,Cunningham,jcunningham8k@seesaa.net,Guatemala,213.98.48.231
310,Melissa,Henry,mhenry8l@twitter.com,China,84.27.118.167
311,Melissa,Evans,mevans8m@trellian.com,Indonesia,138.5.209.134
312,Sean,Scott,sscott8n@oakley.com,Philippines,144.20.127.130
313,Pamela,Taylor,ptaylor8o@engadget.com,Libya,205.81.150.152
314,Tammy,Gray,tgray8p@pbs.org,China,217.174.138.229
315,Teresa,Wells,twells8q@imageshack.us,Philippines,246.70.41.159
316,Craig,Hamilton,chamilton8r@guardian.co.uk,Japan,102.1.119.170
317,George,Fox,gfox8s@ucoz.com,Portugal,96.41.43.121
318,James,Coleman,jcoleman8t@nhs.uk,Antigua and Barbuda,32.185.241.191
319,Bobby,Murray,bmurray8u@hugedomains.com,Vietnam,120.204.151.153
320,Ruby,Mitchell,rmitchell8v@acquirethisname.com,Australia,105.150.66.101
321,Anne,Sullivan,asullivan8w@hao123.com,Colombia,28.133.236.27
322,Larry,Carter,lcarter8x@etsy.com,Uganda,232.25.85.228
323,Donald,Turner,dturner8y@google.de,China,5.255.191.254
324,Dennis,Hall,dhall8z@biblegateway.com,Indonesia,209.143.50.240
325,Jeremy,Baker,jbaker90@tiny.cc,Sri Lanka,178.197.235.240
326,George,Jacobs,gjacobs91@people.com.cn,Philippines,173.156.61.254
327,Janice,Rodriguez,jrodriguez92@odnoklassniki.ru,Russia,153.144.230.231
328,Peter,Lopez,plopez93@thetimes.co.uk,Indonesia,80.83.243.93
329,Thomas,Sullivan,tsullivan94@npr.org,Philippines,171.181.253.247
330,Elizabeth,Brown,ebrown95@independent.co.uk,Mongolia,242.151.138.199
331,Wanda,Rodriguez,wrodriguez96@kickstarter.com,Georgia,30.78.75.238
332,Teresa,Marshall,tmarshall97@1688.com,China,63.187.82.40
333,Keith,Morgan,kmorgan98@g.co,Argentina,156.115.214.199
334,Douglas,Roberts,droberts99@latimes.com,China,40.127.255.197
335,Christina,Sullivan,csullivan9a@instagram.com,Brazil,32.237.7.125
336,Roger,Patterson,rpatterson9b@canalblog.com,Mongolia,249.183.70.157
337,Justin,Miller,jmiller9c@usatoday.com,China,168.94.125.193
338,Jason,Bryant,jbryant9d@si.edu,Guam,154.219.109.140
339,Martin,Spencer,mspencer9e@dell.com,China,205.193.130.27
340,Raymond,Gardner,rgardner9f@dell.com,Indonesia,63.253.10.159
341,Paula,Grant,pgrant9g@eventbrite.com,Poland,64.140.146.137
342,Henry,Parker,hparker9h@behance.net,Vietnam,197.50.214.90
343,Jonathan,Burton,jburton9i@dmoz.org,Portugal,212.66.168.187
344,Jeremy,Rose,jrose9j@microsoft.com,Portugal,189.170.182.14
345,Juan,Turner,jturner9k@narod.ru,Indonesia,189.83.123.239
346,Jeffrey,Howell,jhowell9l@yahoo.com,Venezuela,243.11.234.48
347,Wayne,Oliver,woliver9m@cisco.com,Honduras,199.202.66.61
348,Carolyn,King,cking9n@ezinearticles.com,Portugal,27.93.44.81
349,Kimberly,Larson,klarson9o@economist.com,Uzbekistan,234.187.33.108
350,Henry,Rivera,hrivera9p@toplist.cz,Brazil,94.1.98.169
351,Larry,Shaw,lshaw9q@indiegogo.com,China,14.90.97.26
352,Christina,Fowler,cfowler9r@omniture.com,Russia,112.139.197.90
353,Eric,Gutierrez,egutierrez9s@bing.com,Russia,51.157.137.75
354,Charles,Fernandez,cfernandez9t@omniture.com,Philippines,65.226.173.6
355,Carol,Fields,cfields9u@google.ru,Ireland,139.164.51.12
356,Shawn,Howard,showard9v@icq.com,China,161.149.77.44
357,Ernest,Ellis,eellis9w@etsy.com,Mexico,19.243.142.244
358,Christina,Reed,creed9x@taobao.com,United States,196.232.145.212
359,Kelly,Gomez,kgomez9y@cisco.com,Norway,138.202.67.62
360,Ruth,Green,rgreen9z@cbslocal.com,Mexico,29.116.145.226
361,Barbara,Lawson,blawsona0@yahoo.co.jp,Greece,197.47.29.44
362,Mildred,Washington,mwashingtona1@elpais.com,Mongolia,138.151.109.51
363,Diana,Gordon,dgordona2@squidoo.com,China,7.93.195.89
364,Terry,Carroll,tcarrolla3@tinyurl.com,Albania,70.66.167.64
365,Joyce,Gilbert,jgilberta4@cocolog-nifty.com,Poland,188.178.56.229
366,Cheryl,Riley,crileya5@guardian.co.uk,Syria,203.207.141.240
367,Irene,Sims,isimsa6@webs.com,Czech Republic,153.119.191.193
368,Willie,Medina,wmedinaa7@list-manage.com,Russia,32.64.215.73
369,Marilyn,Nichols,mnicholsa8@apple.com,Finland,174.34.119.61
370,Patricia,Reyes,preyesa9@fotki.com,Brazil,47.41.62.151
371,Denise,Meyer,dmeyeraa@amazonaws.com,China,133.168.16.63
372,Harold,Harper,hharperab@icq.com,Kazakhstan,124.223.168.117
373,Martha,Gonzales,mgonzalesac@toplist.cz,Benin,112.74.237.109
374,Michael,Ramirez,mramirezad@columbia.edu,Oman,93.214.209.253
375,Joyce,Johnston,jjohnstonae@wikimedia.org,Paraguay,225.250.186.149
376,Samuel,Bradley,sbradleyaf@wp.com,Brazil,156.92.82.190
377,Nancy,West,nwestag@nbcnews.com,Israel,209.124.141.205
378,Jerry,Stone,jstoneah@usatoday.com,Russia,207.205.9.253
379,Brenda,Nguyen,bnguyenai@berkeley.edu,Czech Republic,217.25.221.58
380,Victor,Ferguson,vfergusonaj@slashdot.org,China,115.135.79.222
381,Lori,Mcdonald,lmcdonaldak@economist.com,Indonesia,107.83.193.57
382,Rose,Wallace,rwallaceal@godaddy.com,Cuba,16.0.150.114
383,Irene,Lynch,ilyncham@businesswire.com,United States,40.92.162.247
384,Joan,Burns,jburnsan@jugem.jp,Portugal,142.15.78.141
385,Terry,Lynch,tlynchao@cbc.ca,Argentina,76.81.108.110
386,Marie,Fuller,mfullerap@zdnet.com,Ecuador,216.47.1.54
387,Judith,Powell,jpowellaq@chicagotribune.com,Philippines,224.205.48.140
388,Gregory,King,gkingar@wikipedia.org,Madagascar,165.216.73.208
389,Joshua,Carpenter,jcarpenteras@dailymail.co.uk,Venezuela,248.186.32.104
390,Eric,Garrett,egarrettat@auda.org.au,Togo,181.226.106.152
391,Evelyn,Campbell,ecampbellau@angelfire.com,Brazil,212.214.254.179
392,Judy,Taylor,jtaylorav@cnn.com,Indonesia,106.74.95.69
393,Marilyn,Bell,mbellaw@webmd.com,Nicaragua,111.55.92.24
394,Wanda,Austin,waustinax@netscape.com,China,251.29.63.107
395,Debra,Stone,dstoneay@topsy.com,Colombia,252.223.103.107
396,Denise,Castillo,dcastilloaz@abc.net.au,Indonesia,224.200.104.83
397,Aaron,Gray,agrayb0@youtu.be,China,50.83.243.156
398,Clarence,Willis,cwillisb1@nydailynews.com,United Kingdom,87.223.197.249
399,Benjamin,Campbell,bcampbellb2@oaic.gov.au,Japan,94.106.54.112
400,Scott,George,sgeorgeb3@plala.or.jp,Ukraine,73.27.164.247
401,Tina,Burke,tburkeb4@oakley.com,Indonesia,99.195.19.155
402,Annie,Wilson,awilsonb5@mapy.cz,Indonesia,127.67.78.198
403,Virginia,Stone,vstoneb6@clickbank.net,Greece,149.155.184.164
404,Ann,Reed,areedb7@storify.com,Portugal,185.253.31.228
405,Mark,Jenkins,mjenkinsb8@goo.ne.jp,Norway,145.149.17.149
406,Margaret,Ellis,mellisb9@google.com.br,Ukraine,95.146.12.229
407,Justin,Oliver,joliverba@umich.edu,China,96.160.240.137
408,Kathleen,Dunn,kdunnbb@dmoz.org,Poland,234.3.69.42
409,Wayne,Bell,wbellbc@rambler.ru,Thailand,115.45.39.157
410,Timothy,Welch,twelchbd@furl.net,Uganda,65.43.127.189
411,Matthew,Gutierrez,mgutierrezbe@typepad.com,Poland,22.141.97.151
412,Larry,Sanders,lsandersbf@dailymotion.com,Ireland,58.68.108.245
413,Ann,Mendoza,amendozabg@yelp.com,France,157.223.133.235
414,Margaret,Long,mlongbh@shareasale.com,Paraguay,188.168.232.130
415,Jimmy,Torres,jtorresbi@ebay.co.uk,Nigeria,216.130.23.204
416,Jesse,Arnold,jarnoldbj@blogs.com,China,88.64.80.2
417,Martin,Day,mdaybk@amazon.co.uk,Indonesia,222.201.155.50
418,Alice,Thomas,athomasbl@soundcloud.com,Argentina,7.215.227.199
419,Jesse,Jones,jjonesbm@adobe.com,Russia,118.95.184.158
420,Walter,Warren,wwarrenbn@tuttocitta.it,Guinea,128.157.1.206
421,Earl,Ryan,eryanbo@npr.org,Brazil,212.194.70.75
422,Diane,Cruz,dcruzbp@vistaprint.com,Peru,50.7.144.94
423,Dorothy,Garcia,dgarciabq@qq.com,Colombia,251.213.187.132
424,Jeremy,Morris,jmorrisbr@opensource.org,Russia,108.26.168.96
425,James,Watkins,jwatkinsbs@de.vu,Nigeria,154.15.178.16
426,Antonio,Fuller,afullerbt@fastcompany.com,Poland,201.16.146.106
427,Juan,Franklin,jfranklinbu@slate.com,Canada,129.23.233.204
428,Anthony,Oliver,aoliverbv@shutterfly.com,Kyrgyzstan,161.248.238.136
429,Andrea,Crawford,acrawfordbw@slashdot.org,China,186.110.187.102
430,Craig,Henry,chenrybx@google.co.jp,Panama,213.151.201.225
431,Billy,Wallace,bwallaceby@joomla.org,Brazil,8.194.214.223
432,Julia,Henderson,jhendersonbz@mapy.cz,Botswana,231.27.110.193
433,Rose,Moore,rmoorec0@marketwatch.com,China,223.181.55.199
434,Lori,Holmes,lholmesc1@globo.com,China,91.239.88.61
435,Annie,Murphy,amurphyc2@prnewswire.com,Peru,186.115.233.165
436,Juan,Fowler,jfowlerc3@comcast.net,Venezuela,244.33.112.71
437,Lillian,Austin,laustinc4@mashable.com,Saudi Arabia,182.223.223.193
438,Douglas,Williams,dwilliamsc5@reference.com,Indonesia,228.65.233.187
439,Henry,Gardner,hgardnerc6@plala.or.jp,Portugal,247.57.156.222
440,Craig,Willis,cwillisc7@multiply.com,Tanzania,45.225.31.44
441,Brenda,Gordon,bgordonc8@ebay.co.uk,United States,71.150.194.231
442,Clarence,Lee,cleec9@wired.com,France,251.69.185.88
443,Kelly,Cole,kcoleca@squidoo.com,Indonesia,27.219.218.88
444,Christina,Murphy,cmurphycb@surveymonkey.com,Indonesia,4.20.23.130
445,Margaret,Harrison,mharrisoncc@miibeian.gov.cn,Peru,2.210.88.4
446,Mark,Perry,mperrycd@last.fm,Luxembourg,161.113.80.10
447,Johnny,Moore,jmoorece@google.nl,Sweden,63.59.199.198
448,Benjamin,Ross,brosscf@senate.gov,Ukraine,76.121.204.201
449,Gloria,Parker,gparkercg@webnode.com,China,198.217.175.213
450,Raymond,Brown,rbrownch@ow.ly,Cameroon,145.58.144.37
451,Dorothy,Sullivan,dsullivanci@businessinsider.com,Indonesia,176.1.176.130
452,Angela,Walker,awalkercj@wordpress.com,China,165.10.14.218
453,Earl,Smith,esmithck@surveymonkey.com,France,240.97.12.143
454,Joyce,Wells,jwellscl@instagram.com,Greece,228.230.180.70
455,Laura,Ford,lfordcm@kickstarter.com,Latvia,220.156.176.131
456,Richard,Spencer,rspencercn@china.com.cn,Colombia,17.91.225.1
457,Stephen,Andrews,sandrewsco@oaic.gov.au,Ireland,148.160.123.110
458,Gregory,Morris,gmorriscp@amazonaws.com,Russia,210.113.253.20
459,Mildred,Collins,mcollinscq@instagram.com,Sweden,29.7.19.157
460,Sara,Frazier,sfraziercr@de.vu,Ireland,243.63.203.233
461,Peter,Mason,pmasoncs@imdb.com,China,150.248.7.142
462,Susan,Thomas,sthomasct@ft.com,Philippines,129.173.68.50
463,Shawn,Riley,srileycu@pbs.org,Brazil,17.22.230.78
464,Tammy,Foster,tfostercv@forbes.com,China,40.252.58.254
465,Irene,Gutierrez,igutierrezcw@columbia.edu,Portugal,143.21.204.95
466,Jimmy,Dixon,jdixoncx@netlog.com,Germany,117.140.225.203
467,Annie,Vasquez,avasquezcy@alexa.com,France,138.106.29.50
468,Mark,Reed,mreedcz@state.gov,Philippines,198.101.144.124
469,Nancy,Palmer,npalmerd0@storify.com,China,237.108.185.66
470,Roger,Chavez,rchavezd1@oakley.com,Ireland,26.113.218.91
471,Martin,Gonzalez,mgonzalezd2@linkedin.com,China,45.16.236.73
472,Kelly,Diaz,kdiazd3@printfriendly.com,United States,207.0.91.113
473,Doris,Hicks,dhicksd4@infoseek.co.jp,Argentina,55.139.222.186
474,Jacqueline,Jackson,jjacksond5@alibaba.com,Iran,43.120.154.83
475,Jimmy,Robinson,jrobinsond6@craigslist.org,China,254.66.7.67
476,Michael,Flores,mfloresd7@boston.com,Brazil,229.106.216.214
477,Kathleen,Powell,kpowelld8@washington.edu,Brazil,152.143.159.172
478,Theresa,Harvey,tharveyd9@wikispaces.com,Russia,249.36.40.150
479,Michael,Moreno,mmorenoda@naver.com,Portugal,118.7.58.219
480,Brandon,White,bwhitedb@engadget.com,Canada,165.67.233.187
481,Janice,Butler,jbutlerdc@indiegogo.com,Portugal,115.52.90.53
482,Nicholas,Thompson,nthompsondd@over-blog.com,Russia,150.52.38.1
483,Emily,Woods,ewoodsde@stumbleupon.com,Colombia,186.183.165.40
484,Bonnie,Clark,bclarkdf@nasa.gov,Portugal,244.3.78.66
485,Justin,Mccoy,jmccoydg@ocn.ne.jp,Japan,56.169.199.108
486,Frances,Murphy,fmurphydh@cbc.ca,France,125.30.9.143
487,Frances,Reid,freiddi@unblog.fr,Mexico,156.24.37.152
488,Kathryn,Simpson,ksimpsondj@woothemes.com,Philippines,19.15.75.57
489,Robert,West,rwestdk@economist.com,Poland,147.121.112.234
490,Sarah,Wells,swellsdl@liveinternet.ru,Portugal,90.255.230.106
491,Mary,Simmons,msimmonsdm@va.gov,China,165.101.223.177
492,Carol,Roberts,crobertsdn@epa.gov,Morocco,0.96.110.251
493,Victor,Peterson,vpetersondo@merriam-webster.com,United States,108.29.32.49
494,Amy,Butler,abutlerdp@wikimedia.org,Syria,101.13.40.16
495,Andrew,Larson,alarsondq@wp.com,Indonesia,81.161.28.88
496,Andrea,Torres,atorresdr@delicious.com,Thailand,124.175.75.137
497,Carolyn,Wood,cwoodds@php.net,China,33.99.32.195
498,Jerry,Webb,jwebbdt@telegraph.co.uk,Indonesia,36.164.149.217
499,Sean,Thompson,sthompsondu@g.co,Serbia,180.56.253.230
500,Fred,Kelly,fkellydv@vimeo.com,France,131.207.246.119
501,Douglas,Reynolds,dreynoldsdw@cloudflare.com,Peru,57.44.249.226
502,Sarah,Watson,swatsondx@icio.us,Yemen,143.104.47.246
503,Tina,Vasquez,tvasquezdy@canalblog.com,United States,203.132.236.216
504,Angela,Henry,ahenrydz@mac.com,Cuba,109.165.54.105
505,Dennis,Vasquez,dvasqueze0@forbes.com,Brazil,245.207.97.108
506,Juan,Evans,jevanse1@gnu.org,Colombia,114.90.166.203
507,Katherine,Ortiz,kortize2@live.com,Peru,135.76.156.117
508,Andrew,Baker,abakere3@sciencedirect.com,Vietnam,180.81.218.61
509,Justin,Ortiz,jortize4@usda.gov,Serbia,168.34.111.23
510,Nicholas,Dunn,ndunne5@cdc.gov,Argentina,203.91.72.111
511,Juan,Graham,jgrahame6@shinystat.com,Sweden,17.79.109.144
512,Johnny,Harvey,jharveye7@nps.gov,China,181.220.208.101
513,Harry,Welch,hwelche8@dot.gov,Portugal,219.142.142.139
514,Todd,Webb,twebbe9@bing.com,Japan,80.34.129.57
515,Nicholas,Taylor,ntaylorea@howstuffworks.com,Sweden,95.114.222.220
516,Martin,Rose,mroseeb@reddit.com,China,84.3.85.96
517,Terry,Wallace,twallaceec@samsung.com,Honduras,139.223.109.50
518,Patrick,Diaz,pdiazed@sohu.com,Peru,8.65.155.100
519,Gary,Wilson,gwilsonee@blogs.com,China,255.146.251.93
520,Eric,Payne,epayneef@w3.org,Comoros,192.64.231.109
521,Benjamin,Murray,bmurrayeg@furl.net,Argentina,183.216.110.210
522,Gregory,Hayes,ghayeseh@weather.com,Brazil,164.1.155.214
523,Ruby,Jenkins,rjenkinsei@spotify.com,Russia,253.87.119.173
524,Gerald,Evans,gevansej@shop-pro.jp,France,101.96.74.51
525,Melissa,Bradley,mbradleyek@is.gd,Tunisia,142.51.241.127
526,Jeffrey,Carr,jcarrel@dailymotion.com,Nigeria,1.104.206.237
527,Pamela,Wood,pwoodem@globo.com,Nigeria,6.137.51.215
528,Nancy,Willis,nwillisen@1688.com,Poland,143.98.183.53
529,Sara,West,swesteo@buzzfeed.com,Poland,102.160.212.189
530,Ashley,Larson,alarsonep@soup.io,Eritrea,224.90.189.151
531,Kimberly,Kim,kkimeq@ihg.com,Belarus,70.225.105.107
532,Margaret,Walker,mwalkerer@wp.com,Sweden,144.29.37.201
533,Bobby,Hayes,bhayeses@ezinearticles.com,France,185.131.77.182
534,Christina,Cox,ccoxet@storify.com,Hungary,155.148.14.193
535,Frank,Cruz,fcruzeu@home.pl,Philippines,216.254.165.8
536,Steve,Washington,swashingtonev@cafepress.com,Malaysia,178.47.76.221
537,Katherine,Moreno,kmorenoew@huffingtonpost.com,United States,144.136.189.31
538,Karen,Barnes,kbarnesex@independent.co.uk,Russia,128.157.214.108
539,Wanda,Gibson,wgibsoney@aol.com,Honduras,0.168.29.212
540,Ernest,George,egeorgeez@purevolume.com,Egypt,126.247.71.220
541,Steve,Hicks,shicksf0@ucla.edu,Japan,174.194.83.176
542,Dorothy,Snyder,dsnyderf1@businessinsider.com,Russia,97.119.117.157
543,Kenneth,Nguyen,knguyenf2@123-reg.co.uk,Philippines,141.134.40.36
544,Joshua,Perez,jperezf3@ihg.com,Japan,57.119.211.178
545,Arthur,Willis,awillisf4@theatlantic.com,Russia,74.46.188.129
546,Thomas,Parker,tparkerf5@youtu.be,Indonesia,234.106.203.45
547,Louise,Reid,lreidf6@myspace.com,China,131.206.100.20
548,Sarah,Rivera,sriveraf7@unesco.org,Russia,217.236.158.235
549,Louise,Cruz,lcruzf8@clickbank.net,South Africa,226.26.176.64
550,Janet,Russell,jrussellf9@furl.net,Indonesia,134.154.57.196
551,Jennifer,Reid,jreidfa@about.me,Serbia,87.110.164.235
552,Eugene,Olson,eolsonfb@rambler.ru,Argentina,117.131.215.167
553,Deborah,Hudson,dhudsonfc@ucla.edu,Russia,247.110.236.235
554,Gary,Sims,gsimsfd@topsy.com,France,223.86.23.219
555,Deborah,Fernandez,dfernandezfe@fotki.com,Poland,244.134.122.231
556,Ralph,West,rwestff@cocolog-nifty.com,Philippines,4.88.142.196
557,Doris,Simpson,dsimpsonfg@spiegel.de,Portugal,164.176.1.254
558,Fred,Richards,frichardsfh@google.com.au,Sweden,113.164.79.197
559,Bonnie,Stewart,bstewartfi@simplemachines.org,Indonesia,77.217.5.176
560,John,Medina,jmedinafj@cam.ac.uk,Ukraine,29.204.203.145
561,Dorothy,Little,dlittlefk@vimeo.com,Russia,114.231.105.188
562,Wanda,Fernandez,wfernandezfl@pcworld.com,Kenya,252.20.216.134
563,Roy,Clark,rclarkfm@istockphoto.com,Russia,251.23.193.90
564,Lois,Woods,lwoodsfn@cisco.com,Brazil,9.54.74.228
565,Keith,West,kwestfo@statcounter.com,Luxembourg,113.12.152.158
566,Gloria,Shaw,gshawfp@weebly.com,China,0.255.60.105
567,Elizabeth,Watkins,ewatkinsfq@smugmug.com,China,154.241.187.23
568,Richard,Johnston,rjohnstonfr@phpbb.com,Indonesia,68.15.129.43
569,Janet,Rice,jricefs@marriott.com,Ukraine,134.106.60.56
570,Mary,Ruiz,mruizft@salon.com,Lithuania,105.14.170.193
571,Fred,Mason,fmasonfu@nps.gov,Brazil,13.167.101.124
572,Christine,Dunn,cdunnfv@i2i.jp,Iran,170.80.110.217
573,Gerald,Reid,greidfw@marriott.com,China,25.254.200.166
574,Diane,Tucker,dtuckerfx@squarespace.com,Indonesia,203.180.133.21
575,Scott,Owens,sowensfy@xing.com,China,236.91.135.223
576,Scott,Bishop,sbishopfz@google.es,Russia,126.73.199.25
577,Bruce,Lawrence,blawrenceg0@sourceforge.net,Brazil,60.125.176.127
578,Janice,Wilson,jwilsong1@nih.gov,Jamaica,130.42.120.202
579,Earl,Cooper,ecooperg2@springer.com,China,101.115.138.206
580,Phyllis,Lopez,plopezg3@about.com,Greece,156.10.108.188
581,Charles,Nelson,cnelsong4@opensource.org,Spain,94.135.121.32
582,Eric,Hernandez,ehernandezg5@t.co,Peru,195.186.2.116
583,Donald,Fox,dfoxg6@spiegel.de,Portugal,88.102.16.195
584,Justin,Romero,jromerog7@cdbaby.com,Colombia,242.218.134.228
585,Angela,Taylor,ataylorg8@sina.com.cn,Portugal,77.88.161.111
586,Dennis,Daniels,ddanielsg9@istockphoto.com,Portugal,177.19.168.83
587,Laura,Gonzalez,lgonzalezga@cbslocal.com,China,178.105.44.98
588,Elizabeth,Walker,ewalkergb@craigslist.org,Thailand,236.162.153.239
589,Shawn,Owens,sowensgc@google.com.hk,United States,44.143.198.200
590,Martin,Howard,mhowardgd@dedecms.com,Iran,168.172.20.26
591,Billy,Carroll,bcarrollge@infoseek.co.jp,United States,148.58.98.173
592,Jose,Richardson,jrichardsongf@arizona.edu,Indonesia,101.231.77.196
593,Joshua,Willis,jwillisgg@phpbb.com,China,157.38.157.199
594,Jennifer,Roberts,jrobertsgh@cisco.com,Peru,89.78.204.34
595,Michelle,Cruz,mcruzgi@sciencedaily.com,Czech Republic,114.150.227.192
596,Terry,Sullivan,tsullivangj@imgur.com,China,97.248.232.88
597,Barbara,Watkins,bwatkinsgk@furl.net,United States,110.78.199.93
598,Steve,Hudson,shudsongl@123-reg.co.uk,China,26.169.213.39
599,Joseph,Lynch,jlynchgm@ihg.com,Turkmenistan,122.49.30.127
600,Adam,Hunter,ahuntergn@gnu.org,El Salvador,118.206.196.181
601,Willie,Castillo,wcastillogo@msu.edu,Poland,152.194.196.225
602,Bobby,Romero,bromerogp@theglobeandmail.com,Russia,5.210.98.137
603,Janice,Stephens,jstephensgq@smh.com.au,Philippines,5.181.51.43
604,Julia,Oliver,jolivergr@statcounter.com,Brazil,42.220.29.132
605,Pamela,Ferguson,pfergusongs@networksolutions.com,Ukraine,155.171.84.243
606,Lawrence,Chavez,lchavezgt@shutterfly.com,Egypt,15.174.254.92
607,Angela,Jordan,ajordangu@smugmug.com,Philippines,124.9.19.102
608,Philip,Wood,pwoodgv@techcrunch.com,Indonesia,72.241.32.67
609,Ryan,Parker,rparkergw@businessinsider.com,China,229.22.255.242
610,Anna,Ellis,aellisgx@sciencedirect.com,Kuwait,53.226.183.47
611,Carol,George,cgeorgegy@newyorker.com,France,222.168.157.170
612,Edward,Washington,ewashingtongz@netvibes.com,Portugal,96.98.56.165
613,Rose,Henry,rhenryh0@unc.edu,Portugal,119.10.167.138
614,David,Hicks,dhicksh1@walmart.com,China,41.150.236.10
615,Willie,Palmer,wpalmerh2@addtoany.com,Indonesia,137.117.250.98
616,Kelly,Greene,kgreeneh3@histats.com,South Africa,233.13.126.75
617,Judy,West,jwesth4@fema.gov,Indonesia,86.139.152.137
618,Todd,Kennedy,tkennedyh5@go.com,China,223.202.94.152
619,Ronald,Day,rdayh6@shop-pro.jp,Portugal,82.159.237.177
620,Earl,Kennedy,ekennedyh7@stanford.edu,Luxembourg,69.225.10.66
621,John,Bowman,jbowmanh8@marketwatch.com,China,93.122.239.188
622,Harry,Parker,hparkerh9@noaa.gov,Yemen,152.66.105.135
623,Edward,Kelley,ekelleyha@japanpost.jp,Armenia,82.252.165.103
624,Bonnie,Cook,bcookhb@chronoengine.com,Czech Republic,33.3.137.248
625,Andrea,Marshall,amarshallhc@paginegialle.it,Indonesia,84.83.215.85
626,Martin,Richardson,mrichardsonhd@vistaprint.com,Sweden,149.200.89.207
627,Elizabeth,Stone,estonehe@behance.net,Russia,189.67.55.213
628,Rebecca,Carpenter,rcarpenterhf@sun.com,Morocco,40.133.152.226
629,Edward,Kim,ekimhg@mac.com,Nigeria,137.59.82.78
630,Paula,Cox,pcoxhh@economist.com,China,195.108.53.40
631,Denise,Willis,dwillishi@booking.com,Mauritius,95.22.79.233
632,Donald,Bishop,dbishophj@furl.net,Samoa,80.4.179.7
633,Julie,Meyer,jmeyerhk@gnu.org,Japan,136.145.220.86
634,Ruby,Gutierrez,rgutierrezhl@live.com,Poland,174.25.207.238
635,Nicholas,Boyd,nboydhm@hexun.com,China,160.165.21.76
636,Ralph,Garrett,rgarretthn@deviantart.com,China,12.202.16.224
637,Randy,Perez,rperezho@ca.gov,China,203.170.83.39
638,Wanda,Burns,wburnshp@de.vu,Portugal,209.193.45.178
639,Earl,Ortiz,eortizhq@hubpages.com,Indonesia,84.95.38.98
640,Aaron,Rogers,arogershr@pbs.org,Sweden,250.177.244.26
641,Michael,Hicks,mhickshs@ucsd.edu,China,142.45.21.80
642,Jane,Frazier,jfrazierht@census.gov,China,0.12.40.129
643,Russell,Garrett,rgarretthu@behance.net,China,243.214.92.35
644,Alice,Anderson,aandersonhv@technorati.com,Russia,98.172.146.104
645,Harold,Hamilton,hhamiltonhw@ucsd.edu,Colombia,55.216.94.49
646,Louis,Riley,lrileyhx@furl.net,Sweden,211.114.81.51
647,Nicole,Coleman,ncolemanhy@free.fr,Pakistan,128.64.161.149
648,Patricia,Brooks,pbrookshz@disqus.com,Indonesia,167.214.209.243
649,Norma,Crawford,ncrawfordi0@geocities.com,Poland,105.45.76.176
650,Cynthia,Palmer,cpalmeri1@woothemes.com,China,77.87.154.0
651,Janet,Griffin,jgriffini2@ezinearticles.com,Greece,66.52.28.246
652,Joan,Warren,jwarreni3@amazon.de,Mexico,183.223.14.131
653,Karen,Clark,kclarki4@cloudflare.com,Albania,175.210.250.176
654,Shawn,Cox,scoxi5@redcross.org,Micronesia,238.246.115.61
655,Jerry,Castillo,jcastilloi6@theglobeandmail.com,Poland,206.229.96.34
656,Frank,Stewart,fstewarti7@sun.com,China,224.66.108.152
657,Keith,Warren,kwarreni8@woothemes.com,Mexico,144.123.69.104
658,Judith,Morales,jmoralesi9@fda.gov,United States,35.102.138.124
659,Aaron,Dean,adeania@slate.com,Mongolia,45.189.172.118
660,Katherine,Green,kgreenib@gnu.org,Argentina,39.35.197.90
661,Helen,Oliver,holiveric@elegantthemes.com,Sweden,225.68.246.111
662,Emily,Sanchez,esanchezid@dailymotion.com,Indonesia,235.39.91.33
663,Edward,Sanchez,esanchezie@google.es,China,50.94.190.246
664,Jason,Medina,jmedinaif@live.com,Palestinian Territory,3.197.215.115
665,Donald,Walker,dwalkerig@deliciousdays.com,Greece,24.71.207.108
666,Teresa,Gibson,tgibsonih@mozilla.org,Tanzania,28.153.194.193
667,Chris,Sims,csimsii@creativecommons.org,Ukraine,137.226.157.94
668,Lisa,Griffin,lgriffinij@berkeley.edu,Mozambique,139.104.205.226
669,Russell,Nelson,rnelsonik@google.de,Philippines,128.25.53.200
670,Alice,Reid,areidil@creativecommons.org,China,130.136.143.242
671,Timothy,Meyer,tmeyerim@mapquest.com,Sweden,6.235.30.40
672,Willie,Richards,wrichardsin@fastcompany.com,Maldives,138.244.172.81
673,Paula,George,pgeorgeio@samsung.com,Indonesia,144.115.60.106
674,Harry,Griffin,hgriffinip@dmoz.org,Philippines,45.53.185.235
675,Frances,Morris,fmorrisiq@google.ca,United States,121.150.120.227
676,Douglas,Hall,dhallir@businesswire.com,Sweden,76.146.61.37
677,Kevin,Weaver,kweaveris@twitter.com,Bosnia and Herzegovina,175.28.89.228
678,Rachel,Phillips,rphillipsit@networkadvertising.org,Nigeria,81.247.240.110
679,Lillian,Spencer,lspenceriu@alexa.com,Paraguay,50.31.95.71
680,Jerry,Murphy,jmurphyiv@alexa.com,Japan,198.191.86.156
681,Peter,Medina,pmedinaiw@tripod.com,Ukraine,49.80.234.217
682,Arthur,Vasquez,avasquezix@example.com,Finland,1.207.83.177
683,Ronald,Elliott,relliottiy@hud.gov,Norway,0.48.245.50
684,Ronald,Gordon,rgordoniz@unicef.org,France,229.20.223.22
685,Sandra,Turner,sturnerj0@cbslocal.com,Guatemala,78.180.249.178
686,Brenda,Mason,bmasonj1@ihg.com,Denmark,85.109.237.56
687,Louise,Fields,lfieldsj2@geocities.com,Peru,138.62.95.142
688,Christopher,Morrison,cmorrisonj3@mozilla.com,Russia,227.197.152.150
689,James,Matthews,jmatthewsj4@nytimes.com,Brazil,150.45.244.205
690,Kathleen,Stanley,kstanleyj5@wikispaces.com,China,35.176.157.5
691,Diane,Watson,dwatsonj6@deviantart.com,China,73.197.31.243
692,Annie,Evans,aevansj7@topsy.com,Belarus,235.215.53.79
693,Ruby,Hall,rhallj8@ehow.com,China,36.196.214.26
694,Janice,Johnson,jjohnsonj9@theguardian.com,Canada,108.253.212.103
695,Rose,Kennedy,rkennedyja@si.edu,Russia,62.46.132.100
696,Aaron,Reyes,areyesjb@samsung.com,Indonesia,14.91.209.115
697,Bonnie,Ferguson,bfergusonjc@seattletimes.com,New Zealand,124.191.79.65
698,Heather,Perez,hperezjd@diigo.com,Democratic Republic of the Congo,195.65.92.57
699,Justin,Rice,jriceje@unesco.org,China,49.243.14.86
700,Cynthia,Reed,creedjf@sogou.com,China,116.252.222.125
701,Anne,Hughes,ahughesjg@earthlink.net,Indonesia,190.255.95.119
702,Maria,Gray,mgrayjh@mapquest.com,Indonesia,109.38.163.12
703,Shawn,Morris,smorrisji@reference.com,Ireland,214.95.70.187
704,Ronald,Hicks,rhicksjj@elegantthemes.com,Belarus,54.152.81.61
705,Shirley,Woods,swoodsjk@about.com,Russia,18.23.94.112
706,Steven,Woods,swoodsjl@github.io,Morocco,205.184.63.2
707,Mildred,Bell,mbelljm@paypal.com,Colombia,104.112.221.255
708,Gregory,Mendoza,gmendozajn@wsj.com,Brazil,42.35.180.53
709,Craig,Wagner,cwagnerjo@ezinearticles.com,Malta,111.44.130.14
710,Kathryn,Woods,kwoodsjp@unesco.org,China,47.39.232.162
711,Craig,Coleman,ccolemanjq@twitter.com,China,58.38.163.35
712,Carolyn,Reid,creidjr@meetup.com,Belarus,205.178.49.157
713,Kelly,Young,kyoungjs@zimbio.com,Indonesia,68.189.70.246
714,Margaret,Hughes,mhughesjt@goo.gl,Japan,104.144.145.214
715,Eugene,Murray,emurrayju@sitemeter.com,Indonesia,49.179.214.200
716,Melissa,Vasquez,mvasquezjv@mtv.com,Philippines,254.219.170.138
717,Samuel,Montgomery,smontgomeryjw@ft.com,Argentina,143.237.178.1
718,Albert,Webb,awebbjx@sfgate.com,China,224.109.148.254
719,Beverly,Fuller,bfullerjy@youku.com,France,112.245.145.68
720,Lillian,Rose,lrosejz@reference.com,Portugal,51.33.144.48
721,Samuel,Duncan,sduncank0@google.pl,Thailand,62.180.56.244
722,Antonio,Ray,arayk1@ebay.com,China,124.185.175.51
723,Jack,Hayes,jhayesk2@biglobe.ne.jp,Kazakhstan,253.2.240.47
724,Jack,Clark,jclarkk3@istockphoto.com,Indonesia,86.125.54.51
725,Debra,Jacobs,djacobsk4@i2i.jp,Indonesia,4.147.226.173
726,Lillian,Bryant,lbryantk5@google.ru,Greece,151.254.253.18
727,Raymond,Hicks,rhicksk6@ucoz.ru,Russia,227.124.26.217
728,Maria,Jenkins,mjenkinsk7@hostgator.com,Ukraine,146.255.58.176
729,Harold,Riley,hrileyk8@jugem.jp,Togo,14.10.165.247
730,Roger,Larson,rlarsonk9@latimes.com,Laos,253.22.216.22
731,Julia,Howard,jhowardka@tumblr.com,Ukraine,235.63.196.174
732,Phyllis,Jones,pjoneskb@sun.com,China,255.92.128.55
733,Joshua,Peters,jpeterskc@sun.com,Canada,167.228.74.136
734,Howard,Perez,hperezkd@google.co.jp,Greece,133.78.26.125
735,Randy,Peters,rpeterske@patch.com,Canada,200.111.244.217
736,Billy,Hamilton,bhamiltonkf@sogou.com,Indonesia,252.30.215.53
737,Virginia,Turner,vturnerkg@arstechnica.com,Russia,116.162.166.253
738,Margaret,Murray,mmurraykh@unicef.org,China,195.171.97.109
739,Jason,Dunn,jdunnki@jalbum.net,Czech Republic,136.27.204.88
740,Jerry,Jones,jjoneskj@toplist.cz,Nigeria,198.110.153.78
741,Carl,Woods,cwoodskk@wix.com,Brazil,38.9.22.132
742,George,Powell,gpowellkl@google.cn,China,240.59.49.18
743,Theresa,Boyd,tboydkm@prweb.com,Honduras,9.192.155.116
744,Jerry,Ford,jfordkn@un.org,China,77.151.210.30
745,Marilyn,Ray,mrayko@comsenz.com,Ukraine,233.252.69.39
746,Billy,Wood,bwoodkp@geocities.com,Sweden,58.74.10.181
747,Sarah,Lawrence,slawrencekq@moonfruit.com,Russia,211.4.239.136
748,Annie,Sanchez,asanchezkr@nba.com,China,23.195.63.161
749,Wanda,Wood,wwoodks@ftc.gov,China,9.10.57.85
750,Janice,Lynch,jlynchkt@typepad.com,China,81.214.187.235
751,Steve,Mills,smillsku@miibeian.gov.cn,Ukraine,38.173.137.49
752,Marilyn,Collins,mcollinskv@amazon.co.jp,United States,52.60.111.132
753,Russell,Gardner,rgardnerkw@w3.org,Russia,197.90.234.55
754,Mary,Porter,mporterkx@bandcamp.com,Ethiopia,187.246.60.192
755,Cynthia,Martin,cmartinky@networkadvertising.org,Brazil,13.221.163.37
756,Justin,Williams,jwilliamskz@purevolume.com,China,93.210.96.97
757,Ann,Murray,amurrayl0@pcworld.com,Pakistan,142.84.208.37
758,Joe,Diaz,jdiazl1@elegantthemes.com,Guinea,89.121.16.193
759,Laura,Banks,lbanksl2@chron.com,Sweden,78.98.146.251
760,Justin,Graham,jgrahaml3@answers.com,Thailand,120.75.216.35
761,Jean,Garrett,jgarrettl4@jiathis.com,China,32.23.164.80
762,Donald,Grant,dgrantl5@google.ru,Canada,230.56.242.164
763,Donna,King,dkingl6@opera.com,Colombia,109.82.207.21
764,Mary,Harvey,mharveyl7@cam.ac.uk,Albania,225.28.100.73
765,Kathy,Gordon,kgordonl8@globo.com,China,159.100.118.112
766,Elizabeth,Butler,ebutlerl9@fotki.com,Indonesia,53.198.35.29
767,William,Armstrong,warmstrongla@chronoengine.com,China,164.136.180.85
768,Walter,Morgan,wmorganlb@nyu.edu,Indonesia,48.84.144.75
769,Jose,Elliott,jelliottlc@mediafire.com,Russia,135.162.142.198
770,Susan,Simpson,ssimpsonld@weather.com,Indonesia,180.219.198.179
771,Kelly,Schmidt,kschmidtle@stanford.edu,China,238.163.114.67
772,Earl,Chavez,echavezlf@mac.com,Kenya,121.174.125.32
773,Nicole,Hunt,nhuntlg@archive.org,Russia,234.208.209.71
774,Edward,Rogers,erogerslh@cam.ac.uk,Russia,121.153.57.54
775,Louise,Banks,lbanksli@nature.com,Indonesia,16.100.232.0
776,Joyce,Taylor,jtaylorlj@github.io,China,136.156.71.187
777,Joe,Martin,jmartinlk@arstechnica.com,United States,148.88.32.157
778,Gregory,Kim,gkimll@msu.edu,Vietnam,234.74.117.86
779,Bruce,Butler,bbutlerlm@google.it,Sweden,31.118.254.15
780,Joseph,Martinez,jmartinezln@cmu.edu,Venezuela,104.204.71.124
781,Juan,Fernandez,jfernandezlo@163.com,China,152.192.157.217
782,Keith,Carter,kcarterlp@ebay.co.uk,Mexico,165.84.194.252
783,Rebecca,Frazier,rfrazierlq@so-net.ne.jp,Pakistan,148.118.139.27
784,Walter,Roberts,wrobertslr@woothemes.com,Portugal,187.196.154.131
785,Ruby,Cole,rcolels@themeforest.net,Tajikistan,221.211.134.119
786,Benjamin,Peterson,bpetersonlt@nydailynews.com,Mozambique,136.202.76.144
787,Wayne,Evans,wevanslu@topsy.com,Finland,37.155.88.69
788,Benjamin,Gray,bgraylv@redcross.org,Peru,224.235.40.170
789,Jessica,James,jjameslw@comsenz.com,France,61.30.66.60
790,Tina,Stevens,tstevenslx@quantcast.com,China,171.3.160.122
791,Martin,Alvarez,malvarezly@vinaora.com,China,58.106.40.39
792,Harry,Long,hlonglz@prnewswire.com,Brazil,58.212.11.102
793,Philip,Welch,pwelchm0@behance.net,Portugal,38.101.190.117
794,Lisa,Vasquez,lvasquezm1@google.com.br,Sweden,223.23.130.8
795,Judy,Hughes,jhughesm2@go.com,Czech Republic,79.169.156.124
796,Wayne,Stone,wstonem3@google.de,Colombia,57.99.111.215
797,Kevin,Kelley,kkelleym4@opera.com,Indonesia,173.34.103.14
798,Marilyn,Rodriguez,mrodriguezm5@storify.com,China,123.129.0.181
799,Christopher,King,ckingm6@tamu.edu,Indonesia,3.215.17.218
800,Julia,Torres,jtorresm7@mapquest.com,China,111.37.21.141
801,Keith,Flores,kfloresm8@sitemeter.com,Sweden,166.168.46.253
802,Jose,Griffin,jgriffinm9@bluehost.com,Philippines,105.7.57.41
803,Heather,Hicks,hhicksma@ocn.ne.jp,Indonesia,9.30.111.60
804,Helen,Kelly,hkellymb@is.gd,China,90.13.246.33
805,Anthony,Myers,amyersmc@ed.gov,China,217.190.74.143
806,Mary,Banks,mbanksmd@newsvine.com,Czech Republic,131.176.43.211
807,Craig,Frazier,cfrazierme@angelfire.com,Mexico,116.227.24.101
808,Jeremy,Lane,jlanemf@noaa.gov,El Salvador,159.205.95.197
809,Lois,James,ljamesmg@ucla.edu,Indonesia,158.127.29.248
810,Sara,Bennett,sbennettmh@zdnet.com,Indonesia,244.115.128.119
811,Marilyn,Jackson,mjacksonmi@surveymonkey.com,Indonesia,224.179.104.75
812,Martin,Allen,mallenmj@naver.com,China,201.254.12.160
813,George,Ray,graymk@berkeley.edu,Japan,170.47.196.243
814,Shirley,Bowman,sbowmanml@uiuc.edu,Philippines,39.136.82.6
815,Wayne,Knight,wknightmm@msu.edu,China,59.175.171.49
816,Gary,Bowman,gbowmanmn@dropbox.com,Indonesia,252.244.147.226
817,Ronald,Duncan,rduncanmo@wisc.edu,Japan,124.170.231.168
818,Timothy,Adams,tadamsmp@bloomberg.com,China,231.92.159.168
819,Jennifer,Fisher,jfishermq@cloudflare.com,China,247.136.115.47
820,Eugene,Martinez,emartinezmr@howstuffworks.com,China,150.226.151.29
821,Kathryn,Gibson,kgibsonms@eepurl.com,Argentina,26.141.250.60
822,Paula,Fowler,pfowlermt@tmall.com,China,16.175.229.242
823,Diana,Taylor,dtaylormu@symantec.com,Indonesia,239.167.218.39
824,Laura,Griffin,lgriffinmv@spiegel.de,Philippines,144.142.21.215
825,Ronald,Hunt,rhuntmw@time.com,Indonesia,247.52.222.52
826,James,Fisher,jfishermx@ow.ly,Philippines,144.45.217.119
827,Louise,Wagner,lwagnermy@baidu.com,United States,151.104.78.180
828,Joan,Rice,jricemz@reference.com,Russia,72.2.227.156
829,Lois,Stanley,lstanleyn0@diigo.com,China,19.250.101.11
830,Martha,Gordon,mgordonn1@t.co,Madagascar,156.135.209.114
831,Bobby,Wheeler,bwheelern2@blogtalkradio.com,China,49.156.2.221
832,Barbara,Barnes,bbarnesn3@google.ca,China,194.177.129.172
833,Stephen,Simpson,ssimpsonn4@yelp.com,Indonesia,76.164.92.142
834,Kevin,Wheeler,kwheelern5@ebay.co.uk,Philippines,48.206.8.122
835,Kevin,Murphy,kmurphyn6@arstechnica.com,China,139.67.236.20
836,Lisa,Palmer,lpalmern7@bloomberg.com,Portugal,157.212.68.42
837,James,Lynch,jlynchn8@ed.gov,Portugal,154.185.167.38
838,Jose,Evans,jevansn9@arstechnica.com,Democratic Republic of the Congo,53.61.100.146
839,Shirley,Banks,sbanksna@state.gov,France,116.114.113.213
840,Randy,Crawford,rcrawfordnb@discovery.com,Tanzania,90.26.254.169
841,Mary,Olson,molsonnc@gizmodo.com,Ukraine,152.155.123.170
842,Marilyn,Wheeler,mwheelernd@walmart.com,China,141.148.159.66
843,Joe,Wells,jwellsne@craigslist.org,Philippines,55.208.140.70
844,Amy,Rogers,arogersnf@sitemeter.com,North Korea,216.227.151.178
845,Ryan,Evans,revansng@nih.gov,Indonesia,43.224.112.213
846,Jimmy,Webb,jwebbnh@microsoft.com,Malaysia,111.70.36.135
847,Antonio,Spencer,aspencerni@fda.gov,South Africa,84.244.113.21
848,Jacqueline,Bowman,jbowmannj@mapy.cz,Tunisia,165.189.84.90
849,Larry,Stephens,lstephensnk@arstechnica.com,Pakistan,99.50.208.205
850,Rose,Rice,rricenl@umn.edu,Argentina,127.236.224.222
851,Irene,Cooper,icoopernm@mysql.com,Colombia,4.179.192.33
852,Barbara,Tucker,btuckernn@cmu.edu,Russia,189.238.248.189
853,Chris,Little,clittleno@techcrunch.com,Portugal,208.142.191.244
854,Eugene,Ryan,eryannp@hhs.gov,Russia,10.84.119.107
855,Aaron,Parker,aparkernq@cdbaby.com,China,99.0.53.193
856,Dorothy,Grant,dgrantnr@wufoo.com,Peru,214.125.119.37
857,Mary,Austin,maustinns@smugmug.com,United States,76.17.141.25
858,Joshua,Anderson,jandersonnt@earthlink.net,Costa Rica,106.170.215.122
859,Virginia,Fernandez,vfernandeznu@who.int,Indonesia,203.120.1.95
860,Raymond,Nichols,rnicholsnv@gizmodo.com,Philippines,137.53.251.213
861,David,Hamilton,dhamiltonnw@jimdo.com,Russia,62.170.107.195
862,Tammy,Nguyen,tnguyennx@myspace.com,Mongolia,167.30.216.138
863,Brenda,Brown,bbrownny@google.com,China,78.218.162.139
864,James,Boyd,jboydnz@huffingtonpost.com,Uzbekistan,68.10.64.113
865,Brian,Harper,bharpero0@indiatimes.com,China,235.200.9.140
866,Ashley,Wheeler,awheelero1@e-recht24.de,Mauritania,17.88.30.213
867,Doris,Owens,dowenso2@barnesandnoble.com,China,98.51.108.132
868,Judy,Warren,jwarreno3@google.ru,Democratic Republic of the Congo,118.74.237.187
869,Ralph,Matthews,rmatthewso4@google.nl,Indonesia,0.216.215.12
870,Carlos,Murphy,cmurphyo5@photobucket.com,Philippines,154.101.226.160
871,Harold,Wallace,hwallaceo6@psu.edu,Brazil,133.35.108.41
872,Anthony,Powell,apowello7@home.pl,France,251.167.191.118
873,David,Bowman,dbowmano8@squarespace.com,China,128.248.80.168
874,Johnny,Black,jblacko9@telegraph.co.uk,United States,74.31.43.112
875,Joseph,Castillo,jcastillooa@cdc.gov,Norway,46.159.127.55
876,Louise,Holmes,lholmesob@ucsd.edu,Colombia,85.46.235.212
877,Joan,Chavez,jchavezoc@archive.org,Russia,140.108.156.107
878,Patricia,Hart,phartod@oaic.gov.au,Japan,26.114.4.156
879,Edward,Lopez,elopezoe@baidu.com,Philippines,84.79.51.251
880,Todd,Austin,taustinof@columbia.edu,Japan,84.204.188.124
881,Randy,Hernandez,rhernandezog@statcounter.com,China,74.28.183.165
882,John,Cunningham,jcunninghamoh@bizjournals.com,Indonesia,81.233.1.52
883,Karen,Gilbert,kgilbertoi@upenn.edu,Turkmenistan,33.233.215.70
884,Cheryl,Davis,cdavisoj@bloglines.com,Japan,239.133.136.24
885,Michael,Reid,mreidok@adobe.com,China,125.21.230.71
886,Margaret,Vasquez,mvasquezol@macromedia.com,Sweden,206.36.206.254
887,Jacqueline,Warren,jwarrenom@mozilla.com,Indonesia,228.130.133.222
888,Wayne,Martin,wmartinon@scribd.com,China,59.169.160.30
889,Victor,Harrison,vharrisonoo@mozilla.org,Finland,229.107.137.71
890,Daniel,Burns,dburnsop@house.gov,Chad,230.77.57.117
891,Doris,Andrews,dandrewsoq@icq.com,South Korea,106.248.248.19
892,Charles,Willis,cwillisor@sogou.com,Philippines,211.42.47.187
893,Christopher,Bryant,cbryantos@scientificamerican.com,Thailand,58.44.51.180
894,Anthony,Fisher,afisherot@wiley.com,Micronesia,245.221.87.146
895,Keith,Tucker,ktuckerou@virginia.edu,United States,155.28.109.138
896,Jesse,Barnes,jbarnesov@cbsnews.com,China,227.105.229.58
897,Cynthia,Peterson,cpetersonow@techcrunch.com,Uganda,41.106.150.77
898,Sharon,Powell,spowellox@blogspot.com,China,31.134.113.99
899,Carol,Cox,ccoxoy@tripod.com,Indonesia,103.163.188.176
900,Donald,Shaw,dshawoz@irs.gov,Bolivia,200.78.48.3
901,Phillip,Greene,pgreenep0@google.co.uk,Portugal,254.179.212.41
902,Randy,Cooper,rcooperp1@discuz.net,Poland,135.27.149.31
903,Jimmy,West,jwestp2@youtube.com,China,215.6.69.170
904,Michael,Stanley,mstanleyp3@businesswire.com,Vietnam,97.138.175.90
905,Barbara,Sims,bsimsp4@fema.gov,Poland,173.95.87.62
906,Lillian,Murray,lmurrayp5@fc2.com,Poland,86.91.211.77
907,Ryan,Holmes,rholmesp6@gizmodo.com,Tanzania,243.210.169.29
908,Jason,Larson,jlarsonp7@shutterfly.com,Czech Republic,41.69.10.94
909,Robin,Campbell,rcampbellp8@fema.gov,Tanzania,219.231.231.182
910,Jennifer,Morgan,jmorganp9@posterous.com,Russia,231.70.13.244
911,Nicholas,Ward,nwardpa@telegraph.co.uk,Cambodia,77.80.246.244
912,Nancy,Wallace,nwallacepb@geocities.com,Zambia,205.193.217.110
913,Jerry,Fernandez,jfernandezpc@com.com,United States,16.56.111.31
914,Eugene,Bennett,ebennettpd@webs.com,Ukraine,147.53.59.145
915,Lawrence,Reid,lreidpe@pinterest.com,Sweden,54.124.58.161
916,Diana,Mendoza,dmendozapf@mit.edu,Canada,108.208.23.153
917,Janice,Garza,jgarzapg@pbs.org,Russia,253.62.254.217
918,Teresa,Burns,tburnsph@icq.com,Nigeria,24.88.155.62
919,Cynthia,Williamson,cwilliamsonpi@instagram.com,Russia,22.222.108.218
920,Anthony,Long,alongpj@odnoklassniki.ru,United States,204.229.180.120
921,Joan,Romero,jromeropk@booking.com,United States,25.250.83.58
922,Harold,Hill,hhillpl@jimdo.com,Reunion,37.176.74.44
923,Johnny,Jackson,jjacksonpm@sbwire.com,Greece,117.14.157.14
924,Bobby,Riley,brileypn@merriam-webster.com,Netherlands,229.160.69.170
925,Debra,Henderson,dhendersonpo@sitemeter.com,Philippines,206.126.248.120
926,Eric,Mitchell,emitchellpp@imdb.com,Japan,18.190.17.0
927,Jacqueline,Wallace,jwallacepq@privacy.gov.au,China,57.11.212.144
928,Scott,Kim,skimpr@desdev.cn,Greece,190.216.197.154
929,Shawn,Turner,sturnerps@bloglovin.com,Brazil,250.113.95.36
930,Annie,Robertson,arobertsonpt@sciencedirect.com,Russia,27.109.141.203
931,Samuel,Diaz,sdiazpu@foxnews.com,Nigeria,13.77.213.106
932,Joan,Nguyen,jnguyenpv@google.com.au,Russia,252.27.110.94
933,Fred,Thomas,fthomaspw@behance.net,Madagascar,9.240.203.167
934,Theresa,Peterson,tpetersonpx@altervista.org,Ukraine,62.100.233.107
935,Walter,Kelly,wkellypy@cdbaby.com,Brazil,147.128.211.122
936,Sean,Jackson,sjacksonpz@ask.com,China,163.65.49.18
937,Teresa,Ryan,tryanq0@tinypic.com,Sweden,206.127.44.70
938,Sharon,Wright,swrightq1@clickbank.net,Pakistan,92.68.128.233
939,Julie,Davis,jdavisq2@ovh.net,Mexico,212.6.63.216
940,Philip,Torres,ptorresq3@techcrunch.com,United States,105.80.242.149
941,Lawrence,Howard,lhowardq4@yale.edu,Lithuania,124.176.32.56
942,Phillip,Grant,pgrantq5@slideshare.net,Kyrgyzstan,55.233.161.255
943,Marie,Hall,mhallq6@joomla.org,Kenya,37.89.203.227
944,Peter,Hanson,phansonq7@yale.edu,Brazil,145.235.164.111
945,Dennis,Marshall,dmarshallq8@hostgator.com,Azerbaijan,248.22.99.184
946,Daniel,Black,dblackq9@mapquest.com,Mexico,149.77.94.77
947,Samuel,Mccoy,smccoyqa@wikia.com,Tunisia,189.123.115.47
948,Carol,Campbell,ccampbellqb@loc.gov,South Korea,77.183.41.230
949,Alan,Dixon,adixonqc@sogou.com,Indonesia,26.170.10.146
950,Marie,Myers,mmyersqd@g.co,Croatia,24.54.119.206
951,Bruce,Hunter,bhunterqe@google.co.jp,China,189.1.2.139
952,Rose,Lewis,rlewisqf@1688.com,Finland,198.238.53.241
953,George,Snyder,gsnyderqg@surveymonkey.com,Pakistan,90.3.139.151
954,Evelyn,Hanson,ehansonqh@oracle.com,Portugal,84.154.205.29
955,Deborah,Collins,dcollinsqi@clickbank.net,South Africa,161.211.116.175
956,Diana,Nelson,dnelsonqj@networkadvertising.org,China,221.17.254.38
957,Sharon,Martinez,smartinezqk@woothemes.com,Ukraine,232.173.154.201
958,Albert,Harris,aharrisql@techcrunch.com,China,209.169.132.208
959,Adam,Ruiz,aruizqm@github.io,Indonesia,149.197.206.194
960,Lillian,Sanders,lsandersqn@theguardian.com,France,87.253.251.76
961,Linda,Hunter,lhunterqo@amazon.co.jp,Laos,43.161.176.96
962,Sean,Fields,sfieldsqp@merriam-webster.com,Canada,187.160.0.192
963,Philip,Watkins,pwatkinsqq@noaa.gov,France,41.179.180.152
964,Patricia,Bailey,pbaileyqr@webmd.com,Czech Republic,206.115.236.252
965,Patricia,Cook,pcookqs@cpanel.net,Indonesia,201.20.223.183
966,Nicholas,Howard,nhowardqt@spiegel.de,Brazil,33.63.5.233
967,Nancy,Taylor,ntaylorqu@nyu.edu,China,248.214.200.19
968,Roy,Rogers,rrogersqv@wikispaces.com,Russia,210.161.53.208
969,Joshua,Garrett,jgarrettqw@behance.net,Indonesia,29.91.212.250
970,Anne,Bishop,abishopqx@walmart.com,Canada,192.62.61.110
971,Michael,Ross,mrossqy@nifty.com,Portugal,233.249.16.194
972,Pamela,Mitchell,pmitchellqz@amazon.co.jp,Indonesia,112.123.42.155
973,Rebecca,Hudson,rhudsonr0@guardian.co.uk,Ukraine,116.228.40.163
974,Donald,Kelly,dkellyr1@woothemes.com,Indonesia,15.5.221.91
975,Kelly,Robertson,krobertsonr2@sourceforge.net,Portugal,147.196.109.103
976,Ernest,Fields,efieldsr3@unblog.fr,China,50.176.75.164
977,Donna,Ellis,dellisr4@biglobe.ne.jp,Russia,110.42.131.253
978,Dorothy,Rodriguez,drodriguezr5@state.tx.us,China,170.181.62.236
979,Justin,Edwards,jedwardsr6@youku.com,South Africa,157.52.198.98
980,Cheryl,Stewart,cstewartr7@mapquest.com,Micronesia,81.17.196.80
981,John,Lawson,jlawsonr8@amazon.co.uk,Netherlands,222.55.154.162
982,Evelyn,Gray,egrayr9@prlog.org,Peru,252.89.119.201
983,Lisa,Garza,lgarzara@jalbum.net,Bhutan,126.232.189.38
984,Annie,Reynolds,areynoldsrb@reference.com,Greece,36.133.44.126
985,Kevin,Ferguson,kfergusonrc@icio.us,China,3.200.54.106
986,Mildred,Berry,mberryrd@merriam-webster.com,China,50.107.163.205
987,Jack,Arnold,jarnoldre@smugmug.com,China,215.236.194.254
988,Anne,Mcdonald,amcdonaldrf@japanpost.jp,Brazil,90.50.169.27
989,Alice,White,awhiterg@e-recht24.de,Russia,122.35.229.163
990,Ernest,Stewart,estewartrh@zdnet.com,United States,209.101.71.116
991,Sarah,Murphy,smurphyri@pcworld.com,Indonesia,195.226.23.237
992,Ruth,Pierce,rpiercerj@spotify.com,Indonesia,180.224.180.162
993,Matthew,Sanders,msandersrk@indiatimes.com,China,23.2.75.219
994,Johnny,Richardson,jrichardsonrl@soup.io,Portugal,106.121.156.61
995,Peter,Ford,pfordrm@xing.com,Norway,221.222.171.55
996,Linda,Lynch,llynchrn@is.gd,China,217.160.233.250
997,Christine,Price,cpricero@si.edu,Luxembourg,164.252.41.56
998,Emily,Hall,ehallrp@angelfire.com,Russia,247.32.124.205
999,Brandon,Jackson,bjacksonrq@purevolume.com,United States,12.156.64.40
1000,Daniel,Barnes,dbarnesrr@mozilla.com,China,201.115.218.9
